SubjectID,PC1,PC2,PC3,PC4,PC5,PC6,PC7,PC8,PC9,PC10,PC11,PC12,PC13,PC14,PC15,PC16,PC17,PC18,PC19,PC20,PC21,PC22,PC23,PC24,PC25,PC26,PC27,PC28,PC29,PC30,PC31,PC32,PC33,PC34,PC35,PC36,PC37,PC38,PC39,PC40,PC41,PC42,PC43,PC44,PC45,PC46,PC47,PC48,PC49,PC50,PC51,PC52,PC53,PC54,PC55
MOTION003,-0.09451691169205347,-0.692805738218524,0.9321191664465818,-1.6873433658602743,0.16036327451093343,-0.36978063694632785,0.7073640039615449,1.0494045542085484,-0.32863250046783665,1.0349050324200368,-0.15479078335735696,1.708995062516617,-1.14995494836738,1.0436060189895975,-0.06192375306492879,1.3842136819614657,-1.379511916820121,1.209109753424278,-0.379731796430523,0.12124617370626621,-0.3297281469708952,-0.1960098118072008,0.7653661580767088,0.026124636677564855,-0.8788230901295044,-0.09614749657327999,-0.2420591231608248,2.792354920140127,0.9761952343653583,-0.08290336282362086,-0.015269320547531051,-0.22098994086928117,-0.5478331877321365,-0.6495749961847858,-0.4179098478563562,0.3708380525825026,0.3838591517805135,0.9778095869846524,1.2589263057708173,2.0025981804745037,0.7970159881822008,-0.4826745139403706,-0.19609142165620974,-0.03024336128851858,-0.9702073826643369,-0.21155200624654452,-2.100248880048557,-0.862033944728334,-0.1862883328305678,-0.8587537066004493,0.015100198558955233,2.940306173647852,0.5171328527040662,0.473683867622545,0.7141725917245453
MOTION004,0.11014791708991908,0.6160670787035145,-0.18916745305191315,-0.7187795431278958,-0.9163556795857728,-0.1000954721784262,-0.6583417515044345,0.5934688420943947,-0.19760177935218423,1.0855832326143262,-0.14320802616193828,1.2467808681770611,0.3086134841146007,0.43175899897936054,-0.25580207910873476,0.18429857920516166,0.7178233819081241,0.41628839622001257,1.308566373442067,0.2514408962116943,0.15861004853108154,0.5032173882425314,-0.7662828640426717,0.3164157939081326,0.6817169580034055,-0.9668127510664793,0.4066840599931045,0.32386741680853887,0.20302629253123416,-0.8776412798511612,-1.0853883977085275,0.17445470889616665,-1.4696712752840173,0.24377117701240203,-1.0391753693292598,-0.6544833392279374,0.549646118602673,-0.13625553560739956,0.25634572306137393,1.2158602973517798,1.5612934292644847,-2.335636465910333,0.003092179499336595,1.2758258928030204,0.24309169677616152,0.8502049538523019,2.3821356381982683,0.22519672188032153,-1.0633661297756007,0.17223176755927738,-1.6097783896925,-2.2857971457895667,1.6893165027722414,2.587481647872909,-0.22956368741060282
MOTION005,1.2066709884493951,-1.9590231859892762,0.18364599111217458,1.0536759620252394,0.7061461291972201,0.6640089971221674,1.7821202105034923,0.5144700882214529,1.8736922007777839,1.1030593803103008,-0.1918161766790524,-0.47390868305247347,-1.4386848498971363,-0.37934356121942725,1.6941163340269385,-0.9391099045617761,0.20189208637598335,2.5644935263851507,2.5669493784319166,-0.3884107576780695,-0.0035763954328842627,-0.8558710612857483,0.678371142593964,-0.21243274785009134,0.22139822696420117,0.4353098972652811,0.004200311937677019,0.27553575142787456,0.2810971428098015,-0.15605988896096545,0.09226083618479597,0.5386759220372487,-0.3312861344576042,-0.24613705475738243,1.1395353852201533,0.596137681981335,-0.8333226808661696,-0.6852935071186894,1.2796939077274758,-0.9302730603606705,-0.6086864250356732,1.073380076970033,0.24649206172916646,-0.10297295083457011,0.46669342494676275,2.1780214089967997,0.31345062042245664,-0.9011316647411359,0.40222118893599373,-0.6874917217314392,-1.0274390114117455,-0.9222259037151261,0.5748370615291472,-0.3250610312840954,-0.4640678537411548
MOTION009,-0.6652421526274622,-0.42798162559599723,-1.2022716761056844,0.7944190593590864,-0.6929642805198252,-0.7201803101882139,1.119582091879524,-1.2657324051258647,-0.635644664775218,0.22807084618008805,0.44897477131461466,0.3024211975139648,0.3812960006182967,-0.6883037693020558,-0.7245154035725578,0.9191998601765191,-1.070993401138781,-0.19541134256427078,0.5410749139490874,0.16563642401630269,1.5079280763917586,-1.9590838067070497,-0.533318299099205,-1.1768594911291608,0.9706353892529023,1.1312447756234438,0.6978263110653969,0.3181940067965223,2.4054873994722654,0.2938120995934463,0.4576736703285006,-0.8553464283766438,-0.43267034973298546,-1.5286670458258624,0.697079518203599,-0.24496808378106477,-0.02439809857974776,1.1094232111341824,-1.7036679414493157,0.17269234433056652,0.3832202542478138,0.23563377505795352,-1.3773105783289152,0.10701315692250936,1.1075754839403735,-0.8764563909542069,-1.0099578922937416,-1.8796214971879963,0.11465104917099535,0.30516708732388775,-0.729690990597158,-1.6984737280261304,-1.9934009238222135,1.1930270702314654,-0.4640678537411548
MOTION010,0.05432667613891403,-0.8386838525765635,0.6117797625223079,-0.2969442292697923,1.6698291500760623,0.344545145226065,2.073297720554094,-0.3873530968942614,-0.4918101524181268,0.8959776001913952,-0.03686098572030813,0.31792756002202327,0.021000660057487894,0.1128789351484272,0.5376767218626257,-0.03808579198999978,-0.17696408363547642,0.04007546787837719,-0.15096489840270938,0.6334219842788693,1.0657078993169438,-1.5101071149484484,-0.11970112156680855,0.6596967426228747,0.1724464639771352,-2.6557755768315676,-0.7629505419344,0.12313338606408032,-0.5294893506792847,0.6395335487244583,0.6832555368592346,1.646395621822236,-0.4677173857397053,0.302541536101964,-2.201515946248409,-0.6391750050595324,0.6255856340238984,-1.097308516086927,0.12216667534382838,-0.4640333303531046,-0.5924094053175037,-0.7663073588649353,-1.1842906861847564,0.8025370951452502,-0.8642226225673536,-1.9646458408106464,0.1924134522886437,1.9349641347299278,2.0116417023129882,0.614724616495148,-0.6682545634396782,-0.6168542265892056,-1.6643152499798999,-0.6228379397896201,-0.25816175647530426
MOTION011,-0.8719410827008062,0.010767828752291144,-1.5506720369859952,-0.21328137375227396,0.5012930689467894,0.22975858614691658,0.03237609282137687,0.08674973983506222,0.39032995566273615,-0.6493714168059285,-0.4451690178498495,2.7057191156859197,0.09275694449808004,-1.651919983215997,0.29117428107952487,-0.2825237576598636,1.5598790875401018,0.36226757210431487,-0.23853444069264254,0.5250717029406177,0.263129754390983,-1.0506116515500985,-0.37003568566770423,-0.818732321186735,-0.03379656343153859,0.9907185207530911,-0.6062248279724402,-0.4572515256080504,1.06947875111765,0.7968739354485131,0.2346315318715294,-1.3910059961487415,1.0463912639601587,1.2325015113529747,-1.7686325088345765,1.8506472555591627,0.46440090850805343,1.2314335676778516,-0.28623165872766976,0.46905217097793617,-0.6243787465670393,0.7687022023374648,-1.2052358886974261,-0.9870661910333443,-0.08740985692137344,-0.04687310411742026,2.7862984203587846,0.35005617469177436,0.8482014906454994,-0.9390273739252841,-0.18641860627852355,1.2403116069346511,1.3541684395115146,-0.8842897901231791,0.5654626325880977
MOTION014,-1.066530168368316,-0.08918957308383713,0.7364408270514176,-0.5155616553753515,0.7320416533677483,0.4466906762710798,0.573023061029999,0.39369893133120626,0.7329780969809421,0.020077899220462603,-1.802979601033822,0.8822502967417898,0.17850722263075447,1.4171299321154396,-0.8249306221702497,-1.521561275677263,0.17149264378876553,-0.6582309297659471,-2.126980027426037,1.5058303031315428,0.33391823880334365,-0.48297969624515374,-0.6657077088385531,0.8162970176077625,0.975627757217253,0.9497961658685566,0.3764912604856723,0.8868653933518359,1.1525324714510414,-0.02927922171153624,0.9531992111134274,-0.26087474918901654,-1.3421267804114407,-0.6073657124714855,1.4277287305579613,-1.859500114058829,-0.6770990699936266,1.0678900112130454,1.4902070934469533,-0.20349191128807081,1.1125028959315768,1.9939851834910138,1.1978093122490956,-0.19050836467592647,0.2759384866337574,0.16841758396542683,0.737926327010127,1.478614689978719,0.3111077294562574,0.4649863438889684,1.3172234832834977,-1.5375140028694667,0.6457542683913378,-0.755186328018341,1.572114663665589
MOTION018,0.4552616437253005,0.8714135587724959,-0.10210799827282106,-0.7358757774045807,0.547197984108851,-0.890881325977779,0.5697604867211379,-0.4945995390219665,-0.1448534515042186,0.10629431483414331,1.0197133507277236,-0.5497276803466705,-1.0797907518760586,-0.2254244767031134,1.834538657335427,0.64882468503501,1.0913399611271934,2.455787434993011,-1.1397688217871573,-0.7102407266809933,0.568904545063297,0.0731045499966972,-1.0516199718658112,2.06401224225347,-0.2148615535435945,0.542213458121654,1.092019590092682,-0.1174273571506117,-0.41843935261939597,-0.4828518243477623,1.3383978867494777,-2.300784920999391,0.3242023278722763,0.1429980619516308,-1.350460225063353,-0.4814698008349678,0.6420175403001666,0.1009985066390419,-0.4132900340749349,1.1562060998743782,-1.0455608139921635,-0.24460742948590952,1.1796020767124857,-0.3415624685666583,-0.47916554324191957,-0.2787827389420488,-0.32888494874270574,-0.22103099221024333,-2.4847302756214997,0.7488735376239152,0.966568849735553,-1.5998797694210165,-0.7935765154877026,-1.2667526908756805,0.010660092732889434
MOTION019,0.27408058441578037,0.34226604033990415,-0.6622403575356569,-0.5222865564702328,-1.0387693587925855,1.1301354042264407,-1.3918002423310476,-1.013119581473972,0.4321078538372343,0.3527109943402766,0.1589635067010109,-0.2860622296159121,-1.3734058791725965,0.4664871807239185,1.1924448924255906,1.0617419388788882,-1.2540848362577237,-0.7912414674446268,0.5661959261772923,0.8276738406028651,0.609676297324829,1.241591045447738,-0.8680956942353814,0.6494592522258119,-0.5695505894138693,-0.06717381066833161,-0.2544659719188366,-0.5925799670350019,1.2736623680918253,0.07396283140453076,-1.855357473271571,0.10516306760822952,-0.9471944809497774,1.2474606437013005,-0.6438378789601779,0.5258423475279407,-0.5401842672771023,-0.0544960378880854,1.6112325217039098,-1.2293131180241483,1.8022885932169896,1.3980995757058732,-0.5398070610392914,-2.585143981680476,-0.9584159602452119,-0.33135156961112633,0.3702424580371059,0.31653398086762724,-1.0024959066665267,0.6005039015011778,-1.310314559057962,0.0855421572142759,-2.2105119583877166,-0.7993765994196917,0.007442809963110521
MOTION020,0.8385809421927656,1.0253117387545034,-0.4614042906327018,-0.03325311876984428,1.555343222906755,-1.1510287331440547,-2.8734966509327484,-2.338777109654126,1.940857456121211,2.217439659260394,-0.5553966851950867,0.5304042544450522,1.1629608942478293,0.6310838085087721,-0.43053964984382775,-0.3172889847229633,-0.2955702189587484,0.4016006389702975,-1.0717353843232755,-1.0472768526067124,0.2982754001402053,0.5809270128713052,-1.3625072424344506,-0.2536958092050404,0.8668891689010023,-1.3824733843878798,1.0657849809605613,1.4143761386050673,-0.1577692811598125,0.1457808796097714,0.5110563511720536,-0.004577085907248541,0.2864218187376941,-0.14820993680068106,0.028934667545198738,0.0974978221200143,0.1148839421518724,0.2717879259344013,-1.0690353368057268,-0.8544174472344136,-1.0457489539943545,0.536555030039551,0.4432444540104938,0.22257728958081924,-0.13173801351602882,1.5926231118846748,-0.5133529379353063,-0.22516805775961182,1.1697749347876547,-0.427620021702427,-1.5173075695780402,0.8935815241166036,-0.27883078857201876,-0.14537108233430426,-1.193318614891042
MOTION022,-1.1532680787586085,0.6897015841209636,-0.008352555695475541,-0.3054935553074375,1.5558668586646258,-0.010208632080660291,1.1208390490062907,-0.995826120467395,0.6212653587455668,-0.10276045831702307,2.0501512850819936,-0.6851835872614528,1.1333301887653235,1.3946679564024034,-1.4579553493400281,-1.8094937869524328,1.1990441583454077,0.35870970279656766,0.48616233080643356,-0.29148839630366075,-0.8693847889073382,-0.08008625371170006,0.7874480347923188,-0.280177153432917,-0.8607091132641499,0.676113136983319,0.5755526324702247,-0.2826412687549764,-1.0747120739569276,1.2563956266682355,-0.33951410819053457,-0.8753929402171089,-0.899323715032945,1.4212298554767167,0.2800995006128384,-0.7759865632851006,-2.8673496573793704,-0.08897350843290053,-0.14812019680744604,1.3997782919897572,0.9608609439944648,-0.6982752285430819,-1.8625575387839575,-0.5557833992597047,0.12235907286795704,0.30316905820222545,-0.38893036549736265,0.649240952147049,-0.9901753085987671,-1.1588127672455366,-0.9358624310280113,0.6353079714792687,-0.9937326300764977,0.0024764135739379057,-0.4640678537411548
MOTION023,-0.23053038212907417,0.330313745449814,3.3384889914564178,0.1503721236303631,-0.2442382721891239,-1.3442735776672632,0.6441059680853755,-0.9314384153406532,0.5524808957422417,-0.7790218790379365,-0.5100158994087406,0.9999976857788245,1.4211968860306372,0.4622783618723393,1.4547661932292955,2.0102615155700185,-1.7792585205771363,-0.039596912502466455,-0.16473589711323613,1.08765670879534,0.7461249785615016,0.7721354419272052,0.689367068163422,-1.414675619760998,-0.6121894809129094,1.6006278008108241,0.9131650901422946,-1.1794516404484612,-0.18284637936199136,-0.6268464794043921,0.9716951713904889,0.7732835337846153,0.7181654728840927,1.286399711161611,0.3981848122723681,0.5394496766294928,0.22441160453695524,-1.0638669786914237,-0.6272977746910045,0.7853554302477107,0.5234889538052448,-0.25194849120062973,0.1429133687015353,0.8475470757757689,0.18693722273387753,1.6107092193360126,1.2428896625304267,0.7369208454556961,0.13203724557001398,-0.8070651470946608,0.2744074039770911,-0.14085089966369205,-1.1548788584982392,-0.36677398253512855,-0.3096382807917669
MOTION025,-0.18414353249591034,-0.30594685248538284,-0.8821407023792338,-1.868968882078756,-0.6373002954651554,0.5950211924190745,-0.6049278619764823,0.7561132420958409,1.3638740201269486,0.22698907835873716,-1.2421849540808316,0.2721373246796449,-1.1782370427016595,0.7044838514145215,0.9732681540516905,-0.5317367361988066,-0.19910107031335358,-0.3300048642850187,0.6666376904900664,-1.131117956036937,-1.4349136969401017,0.05895851218819036,0.022319887103011943,0.1543869720638339,1.638227680525326,0.20878216573678007,-0.45725166526337513,-2.3604942664256248,0.6152912773327565,2.014388921230037,-0.33270589000637063,-0.8186999924720305,0.6295583220899846,0.5975004491346292,0.27938735208969606,0.3479062437896273,0.8710442093793771,-0.047920579817364785,-1.2978493661644683,0.8600133815637988,1.7438382821129095,-1.278923464537825,0.09465879035917535,1.6681508098723894,0.7022065675266737,0.5485419698380672,-2.2186882750522754,0.8395926244611244,1.3347555820463743,0.05503431710935818,0.8450967813820636,-0.5214163905739903,-0.6327020386180529,-1.1811782675804665,-0.2206714753107972
MOTION026,0.17167497079252303,1.8245799648092962,0.3339451628186015,-0.22124108163185507,-0.6499882976437432,2.7200585304358547,-1.1228475315413873,0.018129381590967414,-0.6604983999142469,0.1817294108248018,-1.0974018283521363,-0.635986308007143,-0.09820085433270535,0.4861687657528316,-1.8214539887256194,0.4130924797586596,0.7104787419165257,2.7539852212355784,1.088980532608513,1.5751698676626973,0.3279442403536965,-0.7576553120078704,0.519632654863507,-0.7665303041690402,0.32573764136183886,-0.28054340964015895,0.5160692145083965,-0.4807411579351005,-0.8951209881415181,-1.0504876096957587,1.9520299823042329,1.4255988170366942,1.1492598761743642,0.22215459834761822,1.39993020752043,0.8208364239877016,0.036312074508414977,1.462932719035496,-0.48586908677237906,0.3444433764568519,0.4834449378699181,-1.0678327173236495,0.008203477669834012,-1.0879996942238752,-0.12319391032596556,-0.9021257744167671,-0.1824202070719598,-0.03108176172895919,0.18900402261607915,1.2536899097810816,-0.4312976135351671,0.20347196334368056,-0.16465612387878822,-1.047029825277999,-0.04081643158357319
MOTION029,1.0853799347088333,0.7009661016794375,-0.02256621247962371,-1.6485415494860138,-0.3190869432524062,0.09121260093999421,0.27486233776960844,0.680172981003433,0.1123842221052554,-0.11787874596352639,-0.452812922314581,-1.354956024130011,0.48244504524214166,0.1859377984906771,-0.1768045243950028,0.23382053633839758,-2.8004001540537047,-0.9276327490010504,-0.682084881027322,-0.40920555562966326,0.25574153300242486,-1.8712672766648197,-0.1261531762420741,0.051575382174528554,-1.9398479490651268,-1.4178807436033691,-0.6855254600319138,-1.6843885537958538,-0.7344586139807167,0.15017255279456584,1.0455976537267833,-1.3713475955351928,0.19188107066314372,0.30893022901257383,-0.35771322044032106,1.4456222620091712,-2.2642397360349618,1.4559848983489312,0.002710563448530763,-0.37830702464889404,-0.4813272160632706,0.9677076560789422,0.2841457334678424,0.7202368822655515,-1.0093234946813425,0.08488645794539168,-0.06765934970544471,-0.41233664572554324,-0.07525892862739866,-0.45185400428900496,-0.6925319535007329,-1.3954638386923912,1.9450421686280983,0.9466726351981444,0.7942471851057094
MOTION031,0.7612109730018287,-2.2218566069468846,0.4792553197396202,0.4717678279401445,1.4986727562939375,0.2665388714041314,-2.855984649539,1.2953724180532384,-0.605209888925448,-1.7762828015596661,1.1860858243702106,0.8686501129486647,1.045522988871696,1.426735394407593,0.3018666384793921,0.5105977486719099,-0.7017271514277479,1.722602335016317,0.38267874344299047,-0.5518027228893153,0.37703369568688544,0.5512510958456256,0.10577604202537837,-0.766412773592997,0.03781691517091126,-0.10318638406474542,-0.9570097364284268,-0.17387918129596758,0.5758624641576027,0.5296541386391367,-0.4513312605464873,-0.2560052989705522,1.0915966173567733,0.1013952113931465,0.6023729608706131,-1.2109327645943624,0.175439317463133,-0.1514874273197873,-0.33349282328403046,0.10018397770934025,-0.6031767967772007,1.8106738362384962,-1.6419371248943793,0.8140129360323406,0.4269536556761676,-1.3260816235845878,-0.4658074611980654,1.3192225724811757,-1.336754105973892,1.1597560534661961,-0.4490106567441222,-0.6979503549070686,0.9683238211002394,0.2765389530858917,-0.9673938692799005
MOTION032,-1.5807348800460344,1.1275891673146219,0.22091415733391226,0.16548321747969785,1.8533257354347277,0.24773860614299048,-0.45832210949653585,1.1062192086344649,-1.318511575279837,0.34021470359408246,1.1755367219998494,0.029770692068717398,-0.13521163482480342,-0.7350547140387594,1.8272492986639228,-0.36360706458995884,0.7260725217095019,-0.8261947944310077,0.7324832127529567,-1.1721484897320167,0.8843234831957562,0.48218505666731615,-1.0559752694523066,-0.7622974727951259,0.1578131970676194,0.5191782962174398,-1.7540924405491878,-0.4574135243247605,0.1271700938329317,-2.8968664804174504,1.7929826014096364,-0.9739642763397531,-1.0885887354999038,1.504997378901286,0.6499606123758057,-0.4171014085832749,-0.3829522188704119,0.23085056890581018,0.3430829676553402,-1.2957373684612652,1.1269960802466776,-0.17506565175457156,0.3114541226701293,0.7073199988620997,-0.006720429139303749,0.2630068188033958,-0.9582584979726092,-0.6263614291243605,1.4384696739156344,1.0298323968407919,0.1525810887886469,1.2158521858726015,-0.07661151813159182,1.0169629812833094,1.4119654769032608
MOTION034,-0.34032416104808993,-0.16255192698866183,0.23820408629211917,-0.7426924743623117,-0.13055263552378088,0.668131609550026,0.1606837583401826,0.18601880674824067,-1.1316978747198279,-0.31257571334972967,-0.025616777703788566,0.1997301746019531,-0.8406602332155743,0.40218812787948355,-0.48345449048448924,1.1822276434902717,0.10510981792266369,0.5248610034515874,-0.75989121199808,-0.3604369208036405,0.6962294939175099,1.703609095109338,0.6003371679286733,-0.8211918346572291,1.6260132106803558,0.5121752516400567,1.504198022974141,-0.32814511215078146,-2.803492695402928,0.23938257118131367,-0.8371067962917809,-1.0893401449191487,-1.4282657007015613,0.22512974777472175,-0.5285646195004381,1.0358243061428527,0.5685417375512042,0.9327649287243324,1.493242981493517,-1.4896528260354402,-1.490757094467214,0.41503997621375077,-0.24388269527108863,-0.4229044690893769,2.303466922252777,-0.8960218044829598,-0.8181144703123528,0.38033514743401725,1.3074017145355463,-2.1978635722254682,0.06857606892198592,-0.9495012697642973,-0.1847995338711221,1.0987786063647773,0.2337250314375608
MOTION035,-0.643743332133272,0.26110142151743804,-0.46729546420584517,-0.2759027206443461,-1.096879948957894,-0.7090160752839612,-0.03310495726507991,1.331449328165958,-0.12101570509826008,0.8043351606355235,0.023134141657822394,0.5018646600790965,0.3666155675787886,2.0336971161198205,0.19381490541985044,-0.5794928083857305,-0.569174458057581,-0.6605636655550583,0.9024757560280395,-0.7557954673837664,-1.3387330221407663,-0.19210876624608605,-1.0227186944121034,-1.0276358840646689,-1.254321553355318,0.9560679613036677,1.4940741358421106,-0.27686197188427814,0.3609983938054709,-0.6432516177926849,1.1492177678038553,-0.8937501199959774,0.2835931501130677,-2.3801936924954394,-0.3074312087411804,0.40359125779110294,0.054537503333509,-2.4166791857537318,0.4516744267714423,-0.9307033348617292,-1.6003808969960296,-1.3803472535154417,-1.0316684365423054,-2.587982832162903,-0.11958373153985558,-0.08526492679424424,0.07169498173037459,1.4243344726812739,0.8106414436495107,1.2002415834962485,0.3499113678617525,-0.0627279199104966,0.4918780223822391,0.0005213285299859292,0.33667808007048605
MOTION036,0.9867858697015134,-1.4120616846339602,0.22429040469119413,0.04363286365273707,0.40127519486171553,-0.22347029118826828,-1.066698716558902,0.34132574172378494,0.48878089193176033,0.3701221043942337,-0.3202097323424212,0.06456049190400856,-0.13041164130387817,1.5674440456576086,-1.666914897771405,-0.6073619717164201,1.2755856795479708,-0.63407515607425,0.4804768208019412,0.4858181212918328,1.8075799839198752,-0.15547317883951106,1.0751177302133317,1.5451275179020572,-0.10051310233197096,1.729255873678453,-1.4723501780513149,-0.1405357226483911,-0.19322289719737804,-0.11475646055344427,-0.4898768262839951,-0.9502473339565238,0.9509937082353404,0.48789268601565017,0.3684641913548283,1.3385534888368051,0.021339400759319286,-0.9801963308619192,-0.40918258385725303,0.5018673226278282,-0.8366257821058068,-0.46483956068262045,1.7309288643855616,-0.467996675078326,-2.2076589107854647,-0.6078063652924234,0.4827652484813993,-0.7132988523861759,1.1208168672964103,-0.3609476702797406,0.9649195671148474,-0.4138262908192926,-1.883172083995714,2.4728272276897565,0.8628825508609929
MOTION037,0.1934397500678606,-0.5979560090568282,-1.8754033703726751,0.7499628306685107,0.06619580371101136,-0.6102381426916808,0.23220709256450553,-1.2394479493920052,-0.8403085565234135,0.1305142985344193,-1.892389857535465,0.7079445610138482,-1.5000694225181435,0.06590371080712377,-0.2816915861917576,-0.6791602237549389,0.1827942823932597,-1.6116590160432185,1.1712101655179026,0.3053972440071376,0.6841069864357685,0.7425000846562865,1.8865945717981765,-1.227845621556282,-0.26098131331447916,0.32661401054653455,0.37142611938320963,-0.8486282164095056,-0.6843715545204571,-0.999015817530048,1.6278864053710707,-0.43561384905048905,0.3421827936832473,-0.6121175707939513,-0.36771937801144616,-1.5324975753784766,0.5197439687683802,-0.4492577261521542,-0.15969341528945272,-0.39120536606641104,0.20685937298988494,0.37988877244174557,1.144325115908656,1.0360397182212933,-1.1656152395765584,-0.9082090907805801,-0.8203562697548631,1.1878054301930434,-2.3249963571199213,-1.6257548016577474,-1.9009594850824392,0.6793786309844922,0.6043992842515047,-0.7087990599458639,0.07357584467523265
MOTION038,-2.704028987264377,0.213501182757132,-0.037795397691323604,0.31037385354615515,-0.24713325065398825,-0.8176403672922838,0.11243450591848032,1.2669513543874968,0.9101639432856532,0.15829145165711772,-1.034016982049063,-0.5071050171937098,-0.8882456963474418,-0.36378750644106295,-0.1331704198390959,-0.7955800113592852,-0.3509296333459644,0.07258542974894162,-0.48834607725354146,0.8394546781979936,0.903343384983357,-0.8977698078737515,-1.608061753949578,0.6997784443572413,-0.35289886475839377,-0.39533138027160164,-0.6169017268393499,1.2373627814181025,-1.6023995234311363,-2.2090267745695646,-2.462961776828192,0.2708222335311824,2.8776727786677014,-0.14409897431195104,0.5451733228910607,0.611376734553922,0.028053820229337594,-0.26668265180059514,-0.6506726766838614,-0.6149507039841204,0.19697772914366918,-0.03401149216009583,-1.5771121767123402,0.5789446416717683,0.4932125558040228,0.3733712868424033,-0.8673992994015581,0.6580619734351059,-1.2907575889191234,-1.2315551232853648,0.06477021035713054,-0.45132511410616705,-0.4516429672226053,-0.20939775292995294,1.6407500294208726
MOTION039,0.49002825790517757,-0.535818819590309,0.22788054225552162,0.06789774644982882,-1.0135672608693034,-0.16347750461421967,0.2710695731800457,-1.1093999943950705,-0.5523574454261747,-0.5399190898283248,-0.7851542171812109,0.5696779256403626,-0.6602109732550663,2.366085842051796,-0.7223561112416866,0.19589984857787013,0.6779117784962189,-0.030523933187337326,0.3044086831418952,-1.4639446850933766,0.37975540134318736,-0.19316479912503526,-2.2006419445346252,0.37323965963911576,-0.7565316440622625,-0.03285260315718557,-0.6407896253585069,-1.7168427998176194,-0.8255498369408484,-0.29939710131515623,-0.11183723024186576,1.4833049107247915,-0.3920682228864846,0.17305067437064492,-0.20570430416510418,-2.190337980232057,0.4275439165357853,0.38211341307435975,0.2268599289439851,-0.2674653793402369,-0.3778842165053337,0.17662851260310553,-1.745278080165242,0.3620990134230874,-0.41795162362257654,0.20858521690555204,0.8972253794139361,-3.3441258094211705,0.2865226373530464,-1.1302416366624406,1.621661306510178,0.634144834507879,0.5804748943826209,-1.1863459940889416,0.22228580381168023
MOTION041,0.9588301076974219,-0.2977303349061391,0.11406456957498343,0.06530713497897336,-1.7124972284519564,0.22161668490562925,0.44794824041523507,0.0023487615653273834,-0.8678544224386274,-0.5602811892555277,0.004265064374582278,-0.5739463437687449,0.8049282239256647,-1.0019317588708965,-0.953611502786831,0.3070250101596678,1.6065492800035375,0.4274912412454075,-2.1072440892746114,0.7534826013640736,0.8552898196072702,0.3942715664702577,-0.19460598418316483,0.8975175045747148,-0.47457468320396584,1.543171034091783,-0.5222642117987909,-0.8869713135511503,0.5189678238175041,-0.9513681320458757,-0.9523913642945246,0.159998665607201,-0.3853717343052561,-0.16688010244048185,-0.9125216305280669,-0.5332679362981705,-0.24302048193696046,-1.519440014894306,-0.060320846699254374,1.0269599481395626,-0.2554612555121788,0.6285824451512694,-0.4864983982336404,0.07966469625184704,-0.2109707393613897,1.7526281649999604,-2.5187631535889756,0.35237789134746766,1.9048176670681896,0.8250379816977539,-2.745936368181658,-0.011571667289883167,1.4053870713097674,-0.806964787287291,-0.3039186669788266
MOTION042,-0.1356906880050735,0.2944521189106724,0.6346067059774656,-0.12286057562054883,0.692216642811402,-0.641364492055667,0.15174432704096705,0.19255766084540596,-1.0708875107035722,0.7775215828281028,-0.4214231266021598,2.235034482055185,-0.6364713896019775,-0.9731625744109889,-1.449371663747821,0.6627072822545252,-0.5204415541335842,-0.3993158979857208,-0.46935796122106743,-1.9055425872815563,-0.8143437946184143,-0.6694340550955693,2.6388152356977,1.4114981766486114,-0.2810795387594082,-0.8679217288150016,-0.04316304698319871,-0.4017349673283529,0.9892323571642037,-0.5155708838479498,-0.8058710676526984,0.6366366266340879,1.4120526811960936,1.8682085697854918,0.09743239087588373,-1.4331708395181568,-1.040032921785861,-0.5183863134216508,-0.5694045252785135,-1.1489202985957319,-0.3124400746618377,-0.5774816088459205,0.9935779028002689,-2.1968506686341054,2.0469552786520375,0.355505856418909,-0.1770249672019434,-0.7321321989217299,-0.23331603853741695,0.6745077436303918,0.02666719412056725,-0.8577130878289687,0.21777680685157474,-0.34833658711722293,0.030678741078180454
MOTION043,-1.2577106419708184,-0.41752916768986154,0.5610092885473525,-0.802949398891839,0.960305993085346,-0.7286686370337665,0.382856698899037,0.2267276245003501,-0.5545873536822155,0.8320893067311155,0.13666416431873676,0.2836955617772418,1.9067626187146416,-1.153825830086722,-0.6300069458335252,0.28883583919385475,1.5571862266624865,-0.26975224050825114,1.1856971910968952,1.4982661171757015,-0.676501844228931,0.3867386068315278,-1.621575990581796,-0.23425508485934438,-2.222409907200341,-1.548294345236187,0.6570712543083509,-1.6724445632159957,0.5053449639268757,1.685199292746461,-0.6076302931547303,-0.2128377062900155,0.46593970197272605,-0.0023402274701453613,1.8416083742185982,0.38250472554393083,2.0384526300503043,-0.24430273060865448,1.790253434024279,-0.06320962024456363,-0.3980938806380692,0.5816937511089929,1.8077374126615493,0.08600084901490979,0.2967697568233939,-0.5648502095590023,-1.079543669418917,-1.1323782782306737,-0.5153316587930958,-0.25199456242323953,-0.6036325819684712,-0.22798182644995452,-0.1800267352557467,-0.08009784535068022,0.4968272668328142
MOTION044,-0.1141854647094316,-1.917540626117675,0.24429460672680278,1.0699139545258474,-1.0215846151392145,-0.07113986382671313,1.1352856654343728,-0.023482740771688493,0.3013637361650515,0.9734663269764581,-0.9009128078984106,-1.3887831067177983,1.1091779665726336,-0.6034209940917475,-0.2863694025798622,-0.8527863143488291,-0.9025821244257349,1.4236865793251618,-0.9778427715213631,-0.770425588561141,-0.8909977211299762,-0.1849593707484448,-0.6696106482116385,-0.5009543197827807,-0.15488601668509458,1.2271250544834684,1.642478241151155,0.269753638766437,-0.8156657625586675,0.6826213566543267,-0.39801368160780415,-0.3436286735262692,0.11759331393766072,2.412273473019551,-0.8429154273926223,-0.6617536046915373,1.3781257575939614,0.2949354562373287,-1.1624919767789668,-1.9606833299668083,1.902583883549284,0.03165212076116968,0.6067237651863161,-0.43995503233442307,-1.0774335835917037,-1.2938225028008628,0.08842242719378113,0.01878294963931276,-0.19789344226403402,1.2840784393287705,0.2457640459301124,1.2725392472524468,1.04030889210495,1.5289455047590654,-0.21240484597178194
MOTION045,-1.9349570542495356,-0.7694976863159522,-1.1791808875135417,-0.9554917556309802,-0.6863120549657059,-0.038911480664804744,0.6721669497746492,-1.1808841695171286,1.4784586056421252,-1.12053615933601,1.0651765686167052,1.88463591034236,-0.08952195060947905,0.09318081394527723,0.5753559143975243,0.8334640020907151,-0.24366402641054777,0.04784530505395831,0.1210462474769638,1.9434623078857514,-0.10252710621031205,0.4441609919439124,0.684522598350558,0.5330910472466035,1.27982271337473,-1.219784480256088,-0.3500879959409678,-0.2585146201298688,-2.1612901133898403,0.12446780767514333,-0.05965180203689371,0.2900243965181338,-1.4540138743703095,-0.46636024550916255,0.8719664988717127,0.5388812845568298,-1.0056415562542185,-1.3749794949760483,-1.8775118825971222,-0.4590731957719892,-0.6188594464895448,0.6628795002939248,0.6266623574731796,-0.29335614946230076,-0.6811569938166095,0.10231728257542415,-0.3854221281654071,-1.252855103868045,-0.480021035122269,2.3134410255606954,0.5999876038020228,0.7291948028253559,1.3458043300678628,0.43220937862382597,-0.4640678537411548
MOTION047,1.4529511901162162,0.10581453864422356,-0.04512316287826415,0.3156685416399676,0.2969133513152619,0.10957146637666247,-0.3355700678222767,-0.4156454019423938,-0.12136075610796979,-0.03178133607902897,0.10223310023435499,-0.639812982722212,0.8848343595416908,-0.08705272209713645,1.1890823511736324,0.7171162232586396,0.8446173589185638,0.00846579828085438,0.03734012526317332,0.7134723352986765,1.8208290494658024,-0.27630864298107394,-0.7797352266231383,-0.11290187791479793,-0.7015891173850884,-0.06083122171642947,-1.0890419552701778,0.9265907147434982,0.9913979599975459,0.8765157601295416,-0.42317611552309653,0.5679870747364927,-1.2690245809752192,-0.32039045450419074,0.6120900531997219,0.46899765347059363,-0.9477513588876066,-0.9450895782484148,-1.9104824210913858,-1.2466893808056942,1.0864586044512163,-2.00822313914576,0.9381556703089493,-1.4172094430495132,1.187936425980901,-1.215561006318176,-0.9060258640681516,0.8996294208697718,-0.4855402314750892,-2.5767305836366687,1.6925839828418623,0.04038213687129404,2.1995168424175713,-0.8490239242635905,-0.5555816747481994
MOTION051,1.1699573371075112,1.11635617197512,-0.12140713738448636,-1.1840098805552886,-0.4370740966113478,-0.673207010047738,0.09750390549865014,1.5984325587322394,0.4149306967868197,1.224136673970749,1.4190914779107622,0.07098717384332356,1.1823529569910782,-1.0639377437842963,-0.34821296052135964,-2.6350428419339496,-1.5103564089867407,-0.6494840797438713,-0.0013927123532287624,0.7940864304819417,1.1568191068198694,0.48163698495731416,0.8589474137814692,-1.9474826402121297,1.4769495068796745,0.9077112736491466,-1.057920466793876,0.07526000439590336,-0.2226518092997677,0.14280510430305032,-0.6189340158882591,1.377940258938725,-0.8208362512547756,0.9737497819146066,-0.5036564128630329,-0.4882147522968109,1.5428490015428076,0.5794131580519949,0.37362784200274096,0.18284812560442784,-1.7277864515319052,-0.3797961545190806,-0.4007254261727524,-0.6805309963947408,-0.9093881870489592,0.3920558720548388,-0.683115582949398,-0.9222794956082107,-1.4164927133132639,0.2654709539428818,0.9905487405779663,-0.706391806131676,-0.024511724994367354,-1.401943657951001,0.35955653532224724
MOTION053,1.5472553364622856,-0.20821904554563728,-0.2655477809912285,-2.3744511560226296,-1.1231900442992802,1.33912353978392,0.5876915190047892,-0.3214725083184405,0.7696119171641971,-1.0326892678130322,-0.6175077475925415,0.22200398034822785,0.3904032279726779,-1.4870192558190443,-0.407203204171043,0.8244380306689161,1.2473916589889427,-0.2856746393395785,-0.42455989450762893,-1.4292279565764352,-2.3026069298605334,-0.9713638445667794,-1.3388062064110997,-1.4633273385927417,-0.1184148950477543,0.034844855337789124,-1.2352004591987744,1.2481941265127154,-0.04283865797806427,-1.3146322316067693,0.42706623471312716,0.8087371472136654,-0.6985203645631983,0.5859112250755514,0.995209235143129,-0.5573518239287292,0.012013844141911227,-1.0226685093166348,-0.5407001012146415,0.21245924263090513,-1.1742151730277834,1.0882317817304887,0.38172165036440425,0.053881199453316396,0.2336756447299555,-0.1762974844834589,0.23948219010588084,1.3260769624802662,-1.2332476052862187,-0.7749883562652453,0.24610277507925915,0.22138595371810374,-1.9816846583102232,1.441473162839622,2.510131328987797
MOTION055,-0.5936413741901835,-1.6998742434326621,0.7370945417058035,-0.5784391031992647,1.363966208845371,-0.6115694341321999,-1.5403802038749923,-1.0296024288818015,-1.6146903749358563,0.7816305600159992,-2.434677504182127,-2.185144264029439,-0.8679468686029754,-1.6920872481370592,-0.7153658669842263,-0.6484681558307328,-1.2505493744449283,0.3366848344893267,0.07512297981205704,1.2444107564242906,-1.3084245191830102,0.7928893609937501,-0.14164552842692693,0.11311364897473197,-0.053127707972666346,0.5139090177167672,-0.9220671828336389,-0.1806692882085701,0.3322523387222993,-0.3090513440118821,-0.3097680438792613,-0.9236737174243945,-1.913466631437151,-0.3013843032396849,-0.16928242790163675,0.5494310750876877,-0.9024214556569792,-0.8295727117435776,-0.4088097764121869,1.037983503930818,-1.3259999924687875,-0.9810993763120778,-0.8616950444535975,0.5112976657554525,1.2678531152478545,-0.13238263940466685,1.3828034211858413,-0.6165462977138902,-0.34719690967676703,0.8986652012714405,0.5407842091166435,0.6919583936744313,-0.1702099923803387,-0.8072433680596671,1.0573494205009628
MOTION057,1.1495974407238398,-1.1280786948232306,0.49092460313014247,-0.3345643145972959,1.2551018327944699,-0.5100105390718375,0.05193608805108179,0.4337978742574797,0.12289584500274163,-3.475675477678751,0.13492117011537413,-0.7059829095282314,-0.6977910995982141,0.22465060029798856,-0.861778134322904,-0.8979320874654833,0.56133249504447,-1.3825007335447492,0.19585905222576258,1.0555079007933652,-0.7628714326658959,0.5126659929310597,0.2655236412618167,0.5740981611739215,-0.5520942169228252,-1.3010704567264388,0.7801119640839121,1.2478212148616221,0.2505100671362545,-0.2967836956840614,1.6314773994928282,-0.10625096941997314,-0.2936067596669042,0.10223933532171514,-0.9365358244657875,1.0236631085954466,2.0828460935025315,1.0090606398296322,-0.8865577201600273,-1.344653371744785,1.1780683664503435,-0.7433807575848033,-1.0873224477101116,-1.1733582120919495,0.27310258338630206,2.3591524656810012,-0.5944563450864891,-0.701608500514795,-0.2701619768090666,0.1640121441700105,-0.19609432442245742,-0.6690387652253917,-0.3917868690167154,0.196759378733755,1.5034792979103055
MOTION058,1.1763711121712326,0.8892446573783105,1.7325219252613715,2.7314407591677594,-0.5881212842614618,1.4682430323449813,-0.022961938900051958,-1.2973586308211877,-1.805180931391542,-0.29158333885411136,-0.19991266391459017,2.415749317025255,0.4482235669556593,-0.19699593794156942,1.4854100015182983,-2.158567752750658,-0.9031388715321971,-0.3666435337604749,0.18670625214796413,0.3816434291709721,-2.1653382145695605,-0.3840872840663652,-0.8700716062683621,0.34336360110690073,-0.04291736550596342,0.006408626346889219,-1.3940203183612785,0.6431194050183187,-1.7686675485132366,0.5125349858729465,-0.9083250454994615,-1.248364051180129,0.08290958433791937,-1.0671656062395676,-0.10902161475993752,0.4121278573927407,0.05434446264366015,0.6510030971898642,-0.3369713258731433,0.7006614018672077,0.243858785711308,-0.0647005729451023,0.7347391449865945,-0.4754406359784447,-0.2079749548970029,-0.07151107570113605,-0.7744853435555414,-0.3254443243528567,0.14263189537133786,-0.11698130260151925,-0.3816520952124425,-0.6839414741762881,-0.5501581982008046,0.058991175070214306,-1.470719884818646
MOTION060,0.8399716795059152,0.9665950032075383,-0.6342944133793792,0.7898799010211274,0.4013810056654574,-1.506112074716101,-0.6599117337351258,0.10064652074476926,-1.3515997991097966,-0.7105898116858169,-1.5420081031704396,0.6500696983355435,0.5600431148155922,-2.006991462387656,0.5765552882667125,0.06866709362327804,0.7711409822408027,0.6232415111209875,-0.26731668545739806,-0.8376139536489248,-0.025113501152552044,-0.39177435161364693,0.7139683221696214,0.7321423192471331,1.1171049054195679,-0.6771452331647501,1.965090131576428,-0.8149734619309493,0.1486485191660383,0.4101602510766379,-0.3767816315124193,1.0050156086382707,-0.6002191709358017,-0.42638188568169455,1.319407399453354,1.023254673885659,-1.1323772319695977,-0.46856793850644846,1.5379381023931398,-0.13914532192705012,0.6742277545342301,0.10569965683907616,-2.18009530180971,0.19878137069073462,-2.7942056419589174,0.455249841462328,-0.8635300049157705,0.5992595848971592,-0.3323633565687438,-0.08044624874970695,2.0634136640124496,-0.04154914147553609,-0.15343697279666202,1.0683878890716287,-0.898758503524617
MOTION062,0.23578346004649972,2.115142138601454,-0.3332602797767114,0.45639015481519185,-0.3291974607653668,0.3436580307174331,-0.040703082734891115,0.5021072004296824,1.151223126334847,0.04831294753220892,-1.3949946417795844,-1.0090788388263314,2.0309672521323234,0.4289342856917225,0.23567994152576796,-0.07657762234530767,0.6071721900478431,0.8696460709607688,0.480455925684287,0.42227798497429125,0.08913817231238884,-0.05649556215634588,2.4017669210147568,-0.24469223022814354,-0.4943459441750186,-1.238767713801673,-0.8409798546296711,-0.07159029184547268,0.13679943064866876,-0.43007378383247147,-0.3016469394326624,-1.3923715874306781,-0.06288833393743186,-1.399499877489195,-2.4543900784460777,-0.6762458308628162,0.7362865363970128,-1.5524830201340794,0.3341061144191592,-0.10101497709400345,1.312683325091549,2.1379634007904356,-0.33588289505108226,0.3613120711374445,1.7963163543700393,-0.14324391106880074,0.10432395713739769,-1.2410584291804978,-0.04333462614325516,0.08578350384756878,1.5601203712199947,0.8103548348148303,-0.737818478266366,0.6562847193039074,0.33667808007048605
MOTION064,-1.4365223158342082,0.762066715651893,-0.24379664910396848,1.0069461390245025,-1.2627101207156814,-1.3747156959770714,0.7886714815348606,-1.5775809567453378,0.7547914385898524,-1.1464610397320538,-0.46781898895592916,-1.2007396724246293,-0.1635178630739892,1.2156632747658598,1.2169749542113866,-0.5662510956291948,0.37167363262817976,1.3995940245735994,-1.0721227197761383,-0.23829500303131576,-0.7520415162995764,1.124656170025413,1.4153495838151544,-0.26056255136786294,-0.4590046522773215,-1.0475539414521438,-2.1814568122915405,-0.6752421189826916,2.0826102964566,-0.13569603406555966,-0.5314510942088618,0.41363792799300303,-0.22516949380103515,0.11780341009315153,0.9279968156253513,-0.23971576069484846,0.7907175358432588,2.284661477073635,0.5570744843369454,-0.4274410427298149,-2.065822424377457,-1.3970820212167714,0.11861970797586995,-0.38721741911440355,-0.36401556235215443,-0.17287906304839884,-0.04545770327403603,1.100195322284748,0.29966322680131435,0.05627534585367126,-0.36200626143731635,0.014895447894539884,0.12769811207422602,1.413382949976118,-1.196178421797512
MOTION067,0.6225290528252799,0.6750173131087889,0.8035231195064517,3.14414816145382,-0.28736425070853616,-1.8792202105934983,-1.1966660839508056,2.135208067468651,1.9197966657859173,0.7316979957559857,0.7626991590026804,-0.28924733715883516,-2.274850318086404,-0.059176431935863395,-0.8815575338756629,2.063691616340931,1.2330222970194524,-0.8917313990646544,-0.7929401271168289,1.3724943544691557,-1.6954109391655765,-1.5528311816781515,-0.3417521594969229,-1.1676176215996128,0.20594159103083493,-0.18621374765728144,-0.2930306065485803,-0.6105117212837535,-0.5758122802243874,0.6283137374125664,0.3981922085942906,-0.008239376324937655,-1.3849920235424131,0.6671455702438717,-0.46408616282872533,-0.3648853850851806,-0.4041722890063404,0.2851071183490275,0.07844240606452088,0.287615897810444,-0.24441523102467555,0.07518249868059579,0.10353120222899775,0.25988985927881375,0.07819847689164325,-0.7031413537105496,-0.25049393498329436,0.014935742071258272,-0.1352032638070148,0.2174858106628926,-0.13388420044066077,0.031061661892821446,-0.17772746985083987,-0.2338777234154996,-1.2876922428045567
MOTION069,-0.06924541410468761,-0.2760076892336695,-1.5306300556992118,0.9675348495975714,0.020003617619827652,0.21306621094755016,0.5818371679195606,-0.07594542784833701,-1.281339057741472,-0.4524277508483786,-0.6482450855157087,-0.6365111120745146,-0.08417306522125152,0.7260615322537586,0.18701832290076578,0.4464883216826016,0.16599565402172115,-0.7417935909972363,1.6633846350282875,0.6883371554768623,0.4182939845236097,0.8680310701306658,-1.3387555619833469,-1.4046634215735185,-0.1588359389203947,-0.5039951659079798,1.055421099219481,1.1771439969185216,0.3881314148343143,0.6088217684607401,-0.606830631614906,1.2208952792205126,1.3490203095838489,1.409144880042413,-2.151473393571781,-0.3258792131775639,-2.12353443011931,1.0016350822700089,0.18498327796686978,1.5788209634277486,-1.2752718201030833,0.5500516397962183,1.7439818465682606,0.20104141244932125,0.6390827466758929,1.5598833811172959,-1.0767392721866536,0.7126324550701574,0.41335042647934184,1.2509224583808412,1.9587879290422132,0.008868605858798043,-0.05741662782424799,0.6933886704523557,0.050697389423471476
MOTION070,0.10362565290010241,0.09401699626547003,-0.3259096562809794,-1.2854425667376381,-0.8161612444425158,0.11590899683394815,-1.6968862449765398,-0.9630143879030767,-1.397740133466593,-0.05397866767241692,2.1118314358706267,-0.7221290765604956,-1.1334012950672925,0.6188686254746835,1.7610821233185845,-1.2284150389995656,0.6132599491538272,-0.315749550234388,-0.5579486763174603,1.5009977509674204,-1.1668726706160337,-2.080345268936648,1.7370330104498093,-0.5950758100408087,-1.082750370231675,-0.03769679328400732,2.4300220347369876,0.89581625784766,0.7207051920222838,-1.0374709882537128,-1.404009878888629,0.18792417624766483,0.30473215859022,0.6758607217896482,0.5646236902606739,-0.5687574499741388,0.4075014263351853,-0.40741144105601274,-0.3677805174013953,-0.3766858980180643,-0.22024158513456552,0.5616330243474618,0.39930966055636397,1.6169458747073513,-0.2405639720374638,-0.5813255132770433,0.7734193953896863,-0.5959978780577728,1.6259827251461012,-0.665171116880733,0.5321128323211262,-0.22713448214125959,0.27951568026967993,-0.40728455102060157,0.12219256208522512
MOTION071,-1.351465148937219,-1.9553601167786667,0.7908171528221153,-0.27721461862646274,-1.1564528601071165,0.3170728309841166,-1.1060406264972018,0.0942383090096134,-0.0644210353499829,0.2953042466079765,1.1950189085365486,-1.4773753532243177,0.596437371500083,-1.8361917337023446,0.3611387829770486,0.9279299882473796,0.008771197085893847,-0.2559221340077328,0.11054558227721396,-0.13496934793427742,-0.11365825689026744,0.2662541561984459,0.40158777889244207,-0.6456338673202259,1.6189723169816792,-1.5277254870975014,-0.5426048902234042,0.009791935818809902,-0.7087729563341781,0.25358174692468577,0.8613065135199489,-1.002535048916126,1.539215686471182,-1.4536043281889341,-0.26270814555898947,-2.5812121043842753,-0.5332155308409038,0.5515484824189163,0.412335654484244,1.0037443447645091,0.8509990605582367,-0.34944820162777523,0.34190558453539016,-2.1539964561681564,-1.5833251488977795,1.0113469238197585,0.7932771174577716,0.001903081039808595,1.1133907423320293,-1.719869187660619,0.3978000218040581,-0.3485296845313877,-0.027482748038122118,-0.18470242005688725,-3.50690240222539
MOTION072,0.9472733736443213,0.6921403424992147,-0.4483314178628507,-0.5476823543387386,-0.2058975283452796,-0.5276953540537105,-0.04282582325235374,-1.3849628896915607,0.21739690184429053,-0.8014488744190577,1.485873044233295,0.5583453532881228,-1.3304598026980086,-1.4044146405761264,-1.83734939916172,0.26323682345326316,-0.6556085067048427,0.9590662965714561,0.009683330791282939,-0.008992613155320016,0.9719194183123799,-0.2305780994701897,-0.20685335315939396,-0.786402821577338,-1.3746190890161198,1.0088947627380287,-1.1810293991921377,0.4607339354369361,-0.928394577672635,1.5191997589264394,-0.48455999670451655,-0.7427862998678739,0.9972846789093096,-1.579944297212887,0.134312162721568,-0.8862468434009492,-0.16553098980303527,0.02280596951397905,1.9198506358765925,-2.1039557495785943,1.0129133826653254,-1.4966507325403018,0.5793808113130505,1.7984563507703075,0.44463580817463344,1.1750447067965915,0.8287975838020732,1.1186770122741732,0.3597688539344451,1.5969716660010245,0.9680053581463292,0.6933637249325305,-0.3506032283319148,-0.12438427471878302,1.7437030780537979
MOTION074,-0.11424767444863518,-0.7786428151371326,-1.9124621108575492,0.8910892772820604,-1.1170627579958694,0.4494063140591658,0.03943097074319173,1.6115977064261713,-1.194087997402152,0.8773028102735173,-0.5299042764476474,-0.3589145653120918,2.270770398803601,0.8282917886027165,0.8604057753024602,1.7777071720376172,0.37756188684321035,-1.0829740562649188,-0.004976171316366993,-0.6961826741611955,0.29569563452767406,-0.5361675794196465,1.2965766937446341,1.4744404377200926,-0.8078422548240913,0.15035687664377434,-0.32061315712087674,1.6570394620772513,-1.3542940549086602,0.8055312446777647,0.018594642844772916,-0.7878078421344594,-1.0774370762952388,0.5209359045412415,1.6655780578895412,0.058222060912450975,0.5699085290233322,1.274698862678357,-0.19336588421885728,-0.4937845657323023,-0.6641081779696779,-0.6573963687838834,-0.33999188760990334,0.984249902104164,0.13202836751191788,1.583830406148676,1.193460545498436,0.4198970561269925,-0.3434074391517739,0.6498427767305193,-0.4511617298515515,0.47713747138342166,-1.2120691484370836,-1.9817567445783182,0.15365043805639672
MOTION075,-1.753686339083273,0.5495754504753575,1.4082693238580222,0.022916205714332505,0.3784202188462883,0.4832161466981731,-0.8543015092305655,-0.9059829979577018,1.3952317525130324,-2.2325236006234053,-1.111120190183133,-1.0009205098352936,0.28686328995536803,-0.3002499230576844,0.3192481423347274,0.33972287991617395,0.5620663285830299,-1.4021710397048688,0.6860661070947468,-2.769195383441211,0.832233428193495,-1.3245495613747873,0.5518317819414066,-0.8205340571598122,0.3244607662611941,0.8969942768493481,0.3746347834414362,1.8719183736933496,-0.35540337895734625,0.7795022315537626,-0.7557140215840201,0.4991490948868439,-0.35424866907806213,-0.055500438994970286,-0.632131710402805,0.7880397897676018,0.26637866373451263,-0.6253059237264966,1.5555581110501406,0.8154556104933808,-0.18166815183145688,-0.7289464686647225,0.8859508901113516,0.09678276991679705,-0.6386278013141842,-1.4278989191254703,-0.2618642224520292,-1.1737651995086409,-0.10818166096133079,1.1982261345095182,-1.1090756484208577,-0.9335232705464936,1.0569501143503746,-1.266688895577213,-1.2419353323010345
MOTION076,-0.6576257684386161,-0.6574659514167045,0.07615168458061715,1.5454969487458632,-1.2864656275245139,1.4629844347147036,-0.6661249971808141,0.12990614593405897,0.4444516575729111,-1.2748323070392813,1.530706940067797,0.14381706167309302,0.7846410904528214,-0.13958170585145593,-1.2434242428628433,-0.9917743941279621,-1.6809460801451728,0.1187048799066745,0.03514053856568183,-0.2844371254454733,0.5899645837488882,-1.4392421737448027,-0.7140553462258861,1.989204524961347,1.5254604818022441,-0.9580960211926448,1.1564744804880362,-1.213736474273295,1.5565430868797654,-0.8498208103898454,0.7815280899390261,-0.1166538943560819,-0.6848026865354541,0.47138534502060564,-0.5934734217919414,0.6878426576046122,0.14955775944698393,-0.8755160932939074,1.4098546380280532,0.06426521844371097,-1.0420445979482857,-0.9013996305385502,1.2698628427066923,1.0685676833648219,1.0156292931203839,0.3229816944276072,-0.08352386546082786,0.5655876067537794,-1.129755716291342,-1.2590969610106308,0.2560300980890801,2.234232082007866,-0.41414013645326714,-0.12470956704960348,-0.7614877720140499
MOTION079,-0.8513463347149913,1.2587555325339437,-0.049983930188479436,1.2638619960732755,-0.06432435893602584,3.0648731304921486,0.3039593707165458,-0.14186762573911163,0.8800516069229156,0.8671782269430446,0.46568023531320746,-0.07154695343384934,-1.0086879648397375,-1.0829116679270492,-0.7291774599714664,0.6656883496422888,-0.7333243622951253,-0.7761272521026209,-0.3080600254321957,0.19886099032428747,-0.42252072195646323,2.610376924471493,0.24556080125206114,0.8871205087003349,-1.2658155969074019,0.23889116495965124,0.2638917116577516,1.4098562630594136,1.2093967717161096,1.259141477677524,1.4114642185764512,-0.33491208662982175,0.6193358015102215,0.9469578419398815,0.571967703331122,-0.4765261959053291,0.5563994919873589,-1.418310980360024,-0.39374769118077524,-0.10830187018312373,-1.1297710430910293,0.07411728800313361,-1.7895371409463823,1.30399049286608,-1.0502398907995036,-0.18991308143217997,-0.17379511306860487,-0.5967478653841152,0.23493780545846663,-0.78801554957133,0.9158474302257826,-1.3536983453921767,0.99404069940398,0.5777211602344984,-1.4020845190633626
MOTION082,1.5387856092197696,1.1160108953352974,1.2484784935937803,-0.6540966735298694,-0.8336732237128727,-1.5749802672343054,1.6880637849763784,0.94910958085733,-0.012303949476338694,-0.9650806683727725,0.09951443289054436,-0.36200007759944974,0.541475061068117,0.03249228591101842,-0.7225304951571617,0.19695646793843385,0.27484084299046957,-0.28272649718009907,2.01954101441604,0.340086825918293,-0.8181940922036764,1.9531096590144958,-0.6262172596708776,1.0070523965935607,2.163369142580046,-0.41789935167672115,0.46940351026943966,1.0759415133608963,1.1147240353441283,-0.5411129238412388,-0.7493094524698546,-1.5351365913718065,1.093142674176906,0.04103603098767972,0.5395279832580777,-0.16110706436173106,-1.537174805693231,0.417067088057501,-0.5663584704633792,-1.199966532138873,-0.3939328246241826,0.28376728024574066,0.08875773202838408,1.1258541323364986,-0.6667390105634265,-2.01263167552801,0.91844126966378,-0.288950145916294,0.906968995130847,0.009639007775228655,-0.8940620154703578,0.8823431201467506,0.17117244092443623,-1.5696933120311587,-0.05225565920945377
MOTION087,1.533713062038924,0.7058552690675559,-1.8254130047837573,0.12227204605103797,0.8473227112702605,-1.0331506694162191,0.14554795687826771,-0.500060955849897,1.2425773936543947,-0.6887642526607949,0.1840208405947292,-0.7605592034305558,0.04974793799079447,-0.875809761310278,0.9367447274057858,0.08312210363486877,-1.5960863838708128,-0.9769358134051901,0.8568481817009261,0.5039995524924962,-0.02319502275264824,-0.14360712949973603,-0.28863528757137014,2.207981018536588,-0.16789633261095732,1.0316063561705349,0.26831180271303295,-0.019768385887730056,-1.4883855020545922,-0.4002105834549394,0.47513637714307666,0.8482577177074037,0.7075885968075246,0.4093874059537835,1.4946040698288399,-1.2892271761429406,1.3457672798131273,0.2774415939510028,1.0187592153882201,2.5012270088786654,0.2009381041568019,0.09621653566803959,-0.5646463169489933,-1.291875072271794,1.870509144205605,-1.403052689152205,0.35360069885352846,0.4072856818277205,1.4659024650089374,0.1660387932950532,-0.2854058229929634,0.7911073832304112,0.905338466405478,1.1308028980546103,0.050697389423471476
MOTION088,1.1537309968924923,-1.5556465461491131,1.8027243673323834,-0.22449398760493924,-0.3290794908149748,1.1202323896642552,0.43460231789466214,-1.3378130303685858,1.1554129888781697,2.2609549266099846,0.8613613795646756,-0.0612645866199214,0.25939582505576236,-0.2229655617342515,0.759131322380743,-0.03964788920886041,2.010417717172306,-2.425257551315184,-0.5476041774536892,-0.35328741282057374,0.3810686881263821,0.5093462126443412,0.727158454234518,0.3183642855519151,0.1427834156454218,0.03248895497627111,0.6430292517607831,-0.9274151180314555,0.1555035770330024,-1.0174591734630325,-0.05859341918325434,0.38348895486521806,1.2459208305955694,-1.3826337237985111,-0.26249272004614765,1.2414831043932304,-0.5121631192842359,1.9896945960118082,0.4710783849459236,0.03801952205781848,-0.008819136346788548,-0.22491592895622384,-1.4324563459823414,0.5753628472481949,1.2569753239044303,-0.5411760201391358,-0.19364269010737828,0.4363195606818795,-1.4253249074632968,1.6386536255040967,0.8354732182549528,0.8321421767408036,0.6902082632153145,0.4613296149831795,1.3204516558962163
MOTION090,-0.016423707997351645,0.5142575327079694,-1.350270834659228,0.48514907914814787,3.1263688623756445,1.032626206094276,1.3012758529863369,-0.6820301271585579,-0.6724419010653551,0.3312804472658446,1.1030881375611854,-1.1454642972247955,0.7695050037308472,1.1786331015653722,-0.8938676769828006,2.2192968892142666,-0.7866062881893562,-0.2537206977746805,-0.579286566806589,0.006797615492798911,-2.3309854453926957,-0.42955709663989755,0.011622070767543166,-0.17306268126781693,1.7267293469609157,1.2472907959492097,-0.6780898341064958,-0.8813743962603536,0.4657571461474222,-1.305448931979759,-1.6369618744625272,0.7127805531003142,0.6114925983997507,-1.2539597987672748,-0.48802483475654207,0.8765524778439312,1.173130516160531,-0.06577054050765409,0.10048170094953632,-0.31981744373056964,0.5364290585281315,-0.01578055947788855,0.7575631707614028,0.0793487102674738,-1.3034269155961873,0.6949844300280739,0.47421628032963375,0.05736572358933028,-0.39768645976549116,-0.4846977020519376,0.30079501690878097,-0.36558085327332446,0.8673262740029475,-0.5062362397711196,0.8171256403574706
MOTION091,0.29304893525276776,0.14190466252588463,0.18676369718529862,0.9227598632731046,0.5452160295361108,0.6258547423634657,0.9398032186647093,0.9775338545958514,0.35792361950510904,-0.31917870320006875,0.5397693501565148,0.025815453981904168,-1.3004062535142618,-0.5988610682168377,-1.0890474414881024,-0.6542264275086213,-0.527964540140369,0.055935592762848686,-0.3287369924456319,-2.0956908533563756,1.608485359243602,1.203783412292907,0.0766746701507434,-1.1295162596464954,-1.57654250488574,-1.7612734054657557,1.2806489987941185,-0.8283392433602396,0.05608210686737681,-0.982543683518289,-1.9248115097465244,-0.40157266280702036,-1.5236367333904892,-1.240041041574017,1.2439591119919693,0.4339657566161537,0.8928113957171231,0.4473422480593526,-2.146298748677841,1.9937600465026006,0.4403527061270135,0.9104337292656671,0.9023267163445915,-0.4287922533508019,-0.47162958479170564,-0.0011791936041311594,1.2655395001127836,1.0182679068632574,0.9415783866061621,0.484572175028668,0.5256641657070563,0.49003075992626605,-0.33976360944245815,-0.8093883871025771,0.004940478919949144
MOTION094,-1.6786224084801415,0.4664163280663687,0.7337154081470717,-0.4759489730943142,-0.8885622418266921,-1.2802036740758105,-0.969203550215384,0.18065249250516796,-0.6994409282253263,0.6099528014706487,1.1814678759317099,-0.2572712590468866,-0.05944243217440982,-0.703340587610317,-0.6328445188649504,-0.3192281733948044,0.0656082559306648,0.44864710812513153,1.8631299198498883,-1.075411702260136,-0.839029915917505,0.41880788776815614,0.2570428607174285,2.195602675362612,-0.825539360765512,1.650028239439445,-0.5752320197867935,0.124035773884553,-0.2053826562545901,0.7588072757661456,1.051301366780381,2.8624886395811275,-0.942096435078834,-1.4309722221914922,-1.5065908964630574,0.9335890219159263,0.16262252888586515,1.2707247786046445,-1.4713344175981802,-0.4726691980633045,0.37917180152623653,2.2667986292694557,0.6147268074642747,0.41968263947343876,0.05112899712709117,-0.10054651585567988,0.07404600919176033,1.2335826778802543,0.19706531456969426,-0.7651181705428424,0.0969333102467108,-0.3186937119285857,0.0033935676433043136,0.0966156638149615,-1.4249629743151238
MOTION097,-0.08666934337983044,1.6704492575837842,1.1147573972074996,-0.6623466440319238,0.7265778883962477,0.8887325308899027,0.4562818567264862,1.4795495881517715,-1.474470519646957,-0.2583302544767313,-0.4641194147559031,-1.1136177663425293,-1.4635962760526164,0.4762833547770594,1.3872336417106597,-0.34102536674166356,0.37256467315388847,-0.6688102024080715,-1.0493134715185444,0.11243944366454049,1.0347132857376404,-0.6013114268477716,-0.32757691255363275,0.1596723806478184,1.3048083399234003,0.37209997667059247,0.37274748636311966,-0.5301141123200493,0.20778285764071888,2.9440285756900098,-0.2052063274271391,0.8232151960821782,0.8640618133237934,-1.1585964009982601,0.518946501866012,-0.9143764566851195,0.15458190783594877,-0.6748808653965976,-1.1644839054018818,-0.38588460553636444,-0.809958978057006,0.3190066646927657,0.2334731525493963,-0.39765925153759973,0.35118554865842033,1.0574673502540346,1.206178674227741,-0.514578756016307,-1.2193070291056771,0.22073527361097975,-1.6588738221675647,2.1987668402229437,-0.13371764648572287,1.8739667316474906,0.5454439842428067
MOTION098,0.08886698810273709,-0.8830741320647477,-1.6711056732569232,0.16512389993427368,0.5914787752442286,0.40061209039313306,-0.3186322731535145,1.940480310184416,0.9260694304162651,-0.8731861012590652,-0.09765799105533789,0.7649469922239366,0.8022704866475797,-0.5824672694916556,1.070504522417074,-0.7297800927152192,-0.1935527572447538,0.5343897837366238,-2.35087735665968,0.0551874234451311,-0.7708710676225392,1.9638319366667145,-0.03676600501892325,-0.2658994792863063,-1.0403382752426527,0.588059402499606,0.6640012206816113,-0.37168165407012743,-0.034337704561166874,-0.2524412696726054,0.4865610395479689,2.076605508105941,0.5784138133580111,-1.4939092380238217,-0.7671671977801423,0.12824640484011499,-2.071842288706018,0.3886097757060305,0.2958606340741287,-0.2412951666162349,0.6446151469130575,-1.5563372054677886,1.061073907233957,0.7400540146254155,0.3427872373616291,-1.468515178307201,0.6583582161132401,-2.0232517255491156,0.27761903141806543,-0.4541041280107754,-0.9806508132288442,-0.3720638994869114,-1.6317847064507736,-0.20323163958259885,0.03639835489112075
MOTION100,0.14716350491087313,-0.35910741273284125,-0.8085467868515213,0.49267348882407747,-1.3202572568083022,-1.4993985259956237,0.6353992811746949,-0.5610403830222522,-1.7405536129474248,0.7000148855164672,1.0743841018719096,-0.710693223223447,-0.6896951285295094,1.0946343813542285,-0.49925056335376455,-0.8255470404513038,0.21193995554949965,-0.003339768180689021,-1.6825137753893247,-1.02848818815112,0.03505679084674961,0.8347609495596442,-0.16682979307240187,-0.919307252649258,1.128923450141449,-1.2755313493562048,-1.3644061925123347,0.9776575853570044,-0.10742228438952162,0.6768789077997835,1.7484745892519442,0.5622295391087405,1.156453343987551,0.8159362085277672,1.0290550966578091,2.63346586650536,0.18676797985767837,-1.9886346199537022,1.0646753742834234,1.1908707309801283,1.7937591513913362,1.13290381072375,0.10737139967186937,-0.007063074006367789,1.1276995138736179,-0.36888619380708565,0.9765532407353603,-0.4498715022977192,-0.29233581294849054,0.20879984021675352,-0.1329367801974455,-0.536442820769175,0.3414052643833419,-0.49526535988087755,-0.19524600453296106
